nrow,ncol,filter col,select col,filter row,select row
10,10,4.506111145019531e-05,3.814697265625e-06,2.288818359375e-05,1.3113021850585938e-05
100,100,0.0014221668243408203,2.09808349609375e-05,0.0008089542388916016,0.0005211830139160156
1000,1000,0.1447587013244629,0.0001862049102783203,0.08017897605895996,0.050229787826538086
10000,10000,19.020437002182007,0.002034902572631836,10.205437898635864,5.591902017593384
