nrow,ncol,filter col,select col,filter row,select row
10,10,8.869171142578125e-05,7.700920104980469e-05,4.410743713378906e-05,2.5033950805664062e-05
100,100,0.0027549266815185547,4.100799560546875e-05,0.0014078617095947266,0.0008761882781982422
1000,1000,0.14588093757629395,0.00018906593322753906,0.07869887351989746,0.05082893371582031
10000,10000,18.977482080459595,0.0023429393768310547,9.973464965820312,5.570572137832642
