nrow,ncol,filter_col,select_col,filter_row,select_row
10,10,4.1961669921875e-05,9.298324584960938e-06,1.8835067749023438e-05,2.193450927734375e-05
50,50,0.00042319297790527344,5.2928924560546875e-05,0.0003669261932373047,0.0002009868621826172
100,100,0.0015308856964111328,4.00543212890625e-05,0.00109100341796875,0.0007159709930419922
500,500,0.02869391441345215,0.0001468658447265625,0.02239394187927246,0.013617277145385742
1000,1000,0.1245431900024414,0.0002810955047607422,0.08541297912597656,0.05706501007080078
5000,5000,7.171037197113037,0.0014710426330566406,3.2442519664764404,1.6989459991455078
10000,10000,38.21251320838928,0.0032660961151123047,14.798664808273315,8.770972967147827
