nrow,ncol,filter_col,select_col,filter_row,select_row
10,10,4.315376281738281e-05,1.0013580322265625e-05,1.9788742065429688e-05,2.3126602172851562e-05
50,50,0.00041604042053222656,2.09808349609375e-05,0.00029206275939941406,0.00020003318786621094
100,100,0.0015020370483398438,3.814697265625e-05,0.0010859966278076172,0.0007588863372802734
500,500,0.03743290901184082,0.00018596649169921875,0.03857016563415527,0.017169952392578125
1000,1000,0.14725208282470703,0.0003528594970703125,0.10319399833679199,0.06713080406188965
5000,5000,9.276996850967407,0.0018491744995117188,4.029966831207275,2.243124008178711
10000,10000,44.63538098335266,0.0036559104919433594,16.36164903640747,9.532819271087646
