nrow,ncol,filter_col,select_col,filter_row,select_row
10,10,7.796287536621094e-05,8.821487426757812e-06,3.719329833984375e-05,2.09808349609375e-05
50,50,0.0006048679351806641,1.9073486328125e-05,0.0003440380096435547,0.00023698806762695312
100,100,0.0021681785583496094,3.504753112792969e-05,0.0013141632080078125,0.0008478164672851562
500,500,0.05166196823120117,0.0001518726348876953,0.03076004981994629,0.019108295440673828
1000,1000,0.20685482025146484,0.0003039836883544922,0.1233069896697998,0.08126997947692871
5000,5000,6.155271053314209,0.001486063003540039,3.482882022857666,2.127007007598877
10000,10000,25.410955905914307,0.0030028820037841797,13.98037600517273,8.791851043701172
