nrow,ncol,filter_col,select_col,filter_row,select_row
10,10,4.291534423828125e-05,9.775161743164062e-06,2.002716064453125e-05,1.9073486328125e-05
50,50,0.00043201446533203125,2.002716064453125e-05,0.0002720355987548828,0.00018310546875
100,100,0.0014450550079345703,3.1948089599609375e-05,0.0010480880737304688,0.0007178783416748047
500,500,0.03428292274475098,0.00013899803161621094,0.024533987045288086,0.015039920806884766
1000,1000,0.136368989944458,0.0002741813659667969,0.09790325164794922,0.06615614891052246
5000,5000,5.029870986938477,0.0014600753784179688,3.1118030548095703,1.8791699409484863
10000,10000,20.960317850112915,0.0029449462890625,12.122338056564331,7.349204063415527
